[
    {
      "id":1,
      "title": "Lorem ipsum dolor",
      "des": "sit amet consectetur adipisicing elit. Laboriosam dignissimos accusantium amet similique velit iste.",
      "img": "/img/img1.jpg"
    },
     {
      "id":2,
      "title": "Lorem ipsum dolor",
      "des": "sit amet consectetur adipisicing elit. Laboriosam dignissimos accusantium amet similique velit iste.",
      "img": "/img/img2.jpg"
    },
     {
      "id":3,
      "title": "Lorem ipsum dolor",
      "des": "sit amet consectetur adipisicing elit. Laboriosam dignissimos accusantium amet similique velit iste.",
      "img": "/img/img3.jpg"
    },
     {
      "id":4,
      "title": "Lorem ipsum dolor",
      "des": "sit amet consectetur adipisicing elit. Laboriosam dignissimos accusantium amet similique velit iste.",
      "img": "/img/img4.jpg"
    },
     {
      "id":5,
      "title": "Lorem ipsum dolor",
      "des": "sit amet consectetur adipisicing elit. Laboriosam dignissimos accusantium amet similique velit iste.",
      "img": "/img/img5.jpg"
    },
     {
      "id":6,
      "title": "Lorem ipsum dolor",
      "des": "sit amet consectetur adipisicing elit. Laboriosam dignissimos accusantium amet similique velit iste.",
      "img": "/img/img6.jpg"
    }
  ]