[
    {
      "id":1,
      "img": "https://images.unsplash.com/photo-1551963831-b3b1ca40c98e",
      "title":"Breakfast",
      "des": "sit amet consectetur adipisicing elit. Laboriosam dignissimos accusantium amet similique velit iste."
    },
     {
      "id":2,
      "img": "https://images.unsplash.com/photo-1551782450-a2132b4ba21d",
      "title":"Burger",
      "des": "sit amet consectetur adipisicing elit. Laboriosam dignissimos accusantium amet similique velit iste."
    },
     {
      "id":3,
      "img": "https://images.unsplash.com/photo-1444418776041-9c7e33cc5a9c",
      "title":"Coffee",
      "des": "sit amet consectetur adipisicing elit. Laboriosam dignissimos accusantium amet similique velit iste."
    },
     {
      "id":4,
      "img": "https://images.unsplash.com/photo-1558642452-9d2a7deb7f62",
      "title":"Honey",
      "des": "sit amet consectetur adipisicing elit. Laboriosam dignissimos accusantium amet similique velit iste."
    },
     {
      "id":5,
      "img": "https://images.unsplash.com/photo-1597645587822-e99fa5d45d25",
      "title":"Mushrooms",
      "des": "sit amet consectetur adipisicing elit. Laboriosam dignissimos accusantium amet similique velit iste."
    },
     {
      "id":6,
      "img": "https://images.unsplash.com/photo-1567306301408-9b74779a11af",
      "title":"Tomato basil",
      "des": "sit amet consectetur adipisicing elit. Laboriosam dignissimos accusantium amet similique velit iste."
    }
  ]